-- phpMyAdmin SQL Dump
-- version 5.2.1
-- https://www.phpmyadmin.net/
--
-- Host: 127.0.0.1
-- Generation Time: Apr 15, 2024 at 06:10 PM
-- Server version: 10.4.32-MariaDB
-- PHP Version: 8.2.12

SET SQL_MODE = "NO_AUTO_VALUE_ON_ZERO";
START TRANSACTION;
SET time_zone = "+00:00";


/*!40101 SET @OLD_CHARACTER_SET_CLIENT=@@CHARACTER_SET_CLIENT */;
/*!40101 SET @OLD_CHARACTER_SET_RESULTS=@@CHARACTER_SET_RESULTS */;
/*!40101 SET @OLD_COLLATION_CONNECTION=@@COLLATION_CONNECTION */;
/*!40101 SET NAMES utf8mb4 */;

--
-- Database: `bscs3a`
--
CREATE DATABASE IF NOT EXISTS `bscs3a` DEFAULT CHARACTER SET utf8mb4 COLLATE utf8mb4_general_ci;
USE `bscs3a`;

-- --------------------------------------------------------

--
-- Table structure for table `accounts`
--

CREATE TABLE `accounts` (
  `account_ID` int(11) NOT NULL,
  `username` varchar(35) NOT NULL,
  `password` varchar(35) NOT NULL,
  `employee` varchar(35) NOT NULL
) ENGINE=InnoDB DEFAULT CHARSET=utf8mb4 COLLATE=utf8mb4_general_ci;

--
-- Dumping data for table `accounts`
--

INSERT INTO `accounts` (`account_ID`, `username`, `password`, `employee`) VALUES
(1, 'marc', 'admin123', 'David, Marc');

-- --------------------------------------------------------

--
-- Table structure for table `audit_log`
--

CREATE TABLE `audit_log` (
  `audit_ID` int(11) NOT NULL,
  `user` varchar(35) NOT NULL,
  `date` date NOT NULL DEFAULT current_timestamp(),
  `time_in` time NOT NULL DEFAULT current_timestamp(),
  `time_out` time NOT NULL DEFAULT current_timestamp(),
  `action` varchar(100) NOT NULL
) ENGINE=InnoDB DEFAULT CHARSET=utf8mb4 COLLATE=utf8mb4_general_ci;

-- --------------------------------------------------------

--
-- Table structure for table `batch_orders`
--

CREATE TABLE `batch_orders` (
  `Batch_ID` int(11) NOT NULL,
  `Supplier_ID` int(11) NOT NULL,
  `Time_Ordered` time NOT NULL DEFAULT current_timestamp(),
  `Date_Ordered` date NOT NULL DEFAULT current_timestamp(),
  `Items_Subtotal` int(11) NOT NULL,
  `Total_Amount` int(11) NOT NULL,
  `Order_Status` varchar(35) NOT NULL
) ENGINE=InnoDB DEFAULT CHARSET=utf8mb4 COLLATE=utf8mb4_general_ci;

-- --------------------------------------------------------

--
-- Table structure for table `categories`
--

CREATE TABLE `categories` (
  `Category_ID` int(11) NOT NULL,
  `Category_Name` varchar(50) NOT NULL
) ENGINE=InnoDB DEFAULT CHARSET=utf8mb4 COLLATE=utf8mb4_general_ci;

--
-- Dumping data for table `categories`
--

INSERT INTO `categories` (`Category_ID`, `Category_Name`) VALUES
(1, 'Hand Tools'),
(2, 'Power Tools');

-- --------------------------------------------------------

--
-- Table structure for table `feedbacks`
--

CREATE TABLE `feedbacks` (
  `feedback_ID` int(11) NOT NULL,
  `supplier_ID` int(11) NOT NULL,
  `batch_ID` int(11) NOT NULL,
  `user` varchar(35) NOT NULL,
  `reviews` varchar(150) NOT NULL,
  `date` date NOT NULL DEFAULT current_timestamp()
) ENGINE=InnoDB DEFAULT CHARSET=utf8mb4 COLLATE=utf8mb4_general_ci;

-- --------------------------------------------------------

--
-- Table structure for table `order_details`
--

CREATE TABLE `order_details` (
  `Order_ID` int(11) NOT NULL,
  `Product_ID` int(11) NOT NULL,
  `Supplier_ID` int(11) NOT NULL,
  `Batch_ID` int(11) NOT NULL,
  `Product_Quantity` int(11) DEFAULT NULL,
  `Time_Ordered` time NOT NULL DEFAULT current_timestamp(),
  `Date_Ordered` date NOT NULL DEFAULT current_timestamp()
) ENGINE=InnoDB DEFAULT CHARSET=utf8mb4 COLLATE=utf8mb4_general_ci;

-- --------------------------------------------------------

--
-- Table structure for table `products`
--

CREATE TABLE `products` (
  `ProductID` int(11) NOT NULL,
  `Supplier_ID` int(11) NOT NULL,
  `Category_ID` int(11) NOT NULL,
  `ProductImage` varchar(250) NOT NULL,
  `ProductName` varchar(100) DEFAULT NULL,
  `Supplier` varchar(50) NOT NULL,
  `Description` varchar(255) DEFAULT NULL,
  `Category` varchar(50) DEFAULT NULL,
  `DeliveryRequired` varchar(3) DEFAULT NULL,
  `Price` decimal(10,2) DEFAULT NULL,
  `Stocks` int(11) DEFAULT NULL,
  `UnitOfMeasurement` varchar(20) DEFAULT NULL,
  `TaxRate` decimal(5,2) DEFAULT NULL,
  `ProductWeight` decimal(10,2) DEFAULT NULL
) ENGINE=InnoDB DEFAULT CHARSET=utf8mb4 COLLATE=utf8mb4_general_ci;

--
-- Dumping data for table `products`
--

INSERT INTO `products` (`ProductID`, `Supplier_ID`, `Category_ID`, `ProductImage`, `ProductName`, `Supplier`, `Description`, `Category`, `DeliveryRequired`, `Price`, `Stocks`, `UnitOfMeasurement`, `TaxRate`, `ProductWeight`) VALUES
(1, 1, 1, 'uploads/hammer.jpg', 'Hammer', 'Mark Shop', 'this is an hammer with a price of 1 peso', 'Hand Tools', NULL, 1.00, NULL, NULL, NULL, NULL),
(2, 1, 2, 'uploads/cat.jpg', 'Cat', 'Mark Shop', 'Cat is for sale', 'Hand Tools', NULL, 2.00, NULL, NULL, NULL, NULL),
(3, 1, 1, 'uploads/drill.jpg', 'Drill', 'Mark Shop', 'Drill.', 'Power Tools', NULL, 3.00, NULL, NULL, NULL, NULL),
(4, 2, 1, 'uploads/drill.jpg', 'Drill', 'Artools', 'Drillers', 'Hand Tools', NULL, 100.00, NULL, NULL, NULL, NULL),
(5, 2, 1, 'uploads/staple gun.jpg', 'Staple', 'Artools', 'staple gun', 'Hand Tools', NULL, 250.00, NULL, NULL, NULL, NULL);

-- --------------------------------------------------------

--
-- Table structure for table `suppliers`
--

CREATE TABLE `suppliers` (
  `Supplier_ID` int(11) NOT NULL,
  `Supplier_Name` varchar(50) DEFAULT NULL,
  `Contact_Name` varchar(35) NOT NULL,
  `Contact_Number` int(20) DEFAULT NULL,
  `Status` varchar(25) NOT NULL,
  `Email` varchar(35) NOT NULL,
  `Address` varchar(50) DEFAULT NULL,
  `Estimated_Delivery` varchar(50) NOT NULL
) ENGINE=InnoDB DEFAULT CHARSET=utf8mb4 COLLATE=utf8mb4_general_ci;

--
-- Dumping data for table `suppliers`
--

INSERT INTO `suppliers` (`Supplier_ID`, `Supplier_Name`, `Contact_Name`, `Contact_Number`, `Status`, `Email`, `Address`, `Estimated_Delivery`) VALUES
(1, 'Barabida Omsim', 'Konichiwa', 100200300, 'Single', 'Barabida@gmail.com', 'porac pampanga', '30 - 60 days sheesh'),
(2, 'Artools', 'Arthur', 11111, 'Active', 'arthur@gmail.com', 'balibago', '5-7');

-- --------------------------------------------------------

--
-- Table structure for table `transaction_history`
--

CREATE TABLE `transaction_history` (
  `Transaction_ID` int(11) NOT NULL,
  `Batch_ID` int(11) NOT NULL,
  `Supplier_ID` int(11) NOT NULL,
  `Date_Delivered` date DEFAULT current_timestamp(),
  `Time_Delivered` time DEFAULT current_timestamp(),
  `Order_Status` varchar(50) DEFAULT NULL,
  `Feedback` varchar(250) DEFAULT NULL
) ENGINE=InnoDB DEFAULT CHARSET=utf8mb4 COLLATE=utf8mb4_general_ci;

--
-- Indexes for dumped tables
--

--
-- Indexes for table `accounts`
--
ALTER TABLE `accounts`
  ADD PRIMARY KEY (`account_ID`);

--
-- Indexes for table `audit_log`
--
ALTER TABLE `audit_log`
  ADD PRIMARY KEY (`audit_ID`);

--
-- Indexes for table `batch_orders`
--
ALTER TABLE `batch_orders`
  ADD PRIMARY KEY (`Batch_ID`);

--
-- Indexes for table `categories`
--
ALTER TABLE `categories`
  ADD PRIMARY KEY (`Category_ID`);

--
-- Indexes for table `feedbacks`
--
ALTER TABLE `feedbacks`
  ADD PRIMARY KEY (`feedback_ID`);

--
-- Indexes for table `order_details`
--
ALTER TABLE `order_details`
  ADD PRIMARY KEY (`Order_ID`);

--
-- Indexes for table `products`
--
ALTER TABLE `products`
  ADD PRIMARY KEY (`ProductID`);

--
-- Indexes for table `suppliers`
--
ALTER TABLE `suppliers`
  ADD PRIMARY KEY (`Supplier_ID`);

--
-- Indexes for table `transaction_history`
--
ALTER TABLE `transaction_history`
  ADD PRIMARY KEY (`Transaction_ID`);

--
-- AUTO_INCREMENT for dumped tables
--

--
-- AUTO_INCREMENT for table `accounts`
--
ALTER TABLE `accounts`
  MODIFY `account_ID` int(11) NOT NULL AUTO_INCREMENT, AUTO_INCREMENT=2;

--
-- AUTO_INCREMENT for table `audit_log`
--
ALTER TABLE `audit_log`
  MODIFY `audit_ID` int(11) NOT NULL AUTO_INCREMENT;

--
-- AUTO_INCREMENT for table `batch_orders`
--
ALTER TABLE `batch_orders`
  MODIFY `Batch_ID` int(11) NOT NULL AUTO_INCREMENT;

--
-- AUTO_INCREMENT for table `categories`
--
ALTER TABLE `categories`
  MODIFY `Category_ID` int(11) NOT NULL AUTO_INCREMENT, AUTO_INCREMENT=5;

--
-- AUTO_INCREMENT for table `feedbacks`
--
ALTER TABLE `feedbacks`
  MODIFY `feedback_ID` int(11) NOT NULL AUTO_INCREMENT;

--
-- AUTO_INCREMENT for table `order_details`
--
ALTER TABLE `order_details`
  MODIFY `Order_ID` int(11) NOT NULL AUTO_INCREMENT;

--
-- AUTO_INCREMENT for table `products`
--
ALTER TABLE `products`
  MODIFY `ProductID` int(11) NOT NULL AUTO_INCREMENT, AUTO_INCREMENT=6;

--
-- AUTO_INCREMENT for table `suppliers`
--
ALTER TABLE `suppliers`
  MODIFY `Supplier_ID` int(11) NOT NULL AUTO_INCREMENT, AUTO_INCREMENT=3;

--
-- AUTO_INCREMENT for table `transaction_history`
--
ALTER TABLE `transaction_history`
  MODIFY `Transaction_ID` int(11) NOT NULL AUTO_INCREMENT;
COMMIT;

/*!40101 SET CHARACTER_SET_CLIENT=@OLD_CHARACTER_SET_CLIENT */;
/*!40101 SET CHARACTER_SET_RESULTS=@OLD_CHARACTER_SET_RESULTS */;
/*!40101 SET COLLATION_CONNECTION=@OLD_COLLATION_CONNECTION */;
